-- MariaDB dump 10.18  Distrib 10.4.17-MariaDB, for Win64 (AMD64)
--
-- Host: localhost    Database: university
-- ------------------------------------------------------
-- Server version	10.4.17-MariaDB

/*!40101 SET @OLD_CHARACTER_SET_CLIENT=@@CHARACTER_SET_CLIENT */;
/*!40101 SET @OLD_CHARACTER_SET_RESULTS=@@CHARACTER_SET_RESULTS */;
/*!40101 SET @OLD_COLLATION_CONNECTION=@@COLLATION_CONNECTION */;
/*!40101 SET NAMES utf8mb4 */;
/*!40103 SET @OLD_TIME_ZONE=@@TIME_ZONE */;
/*!40103 SET TIME_ZONE='+00:00' */;
/*!40014 SET @OLD_UNIQUE_CHECKS=@@UNIQUE_CHECKS, UNIQUE_CHECKS=0 */;
/*!40014 SET @OLD_FOREIGN_KEY_CHECKS=@@FOREIGN_KEY_CHECKS, FOREIGN_KEY_CHECKS=0 */;
/*!40101 SET @OLD_SQL_MODE=@@SQL_MODE, SQL_MODE='NO_AUTO_VALUE_ON_ZERO' */;
/*!40111 SET @OLD_SQL_NOTES=@@SQL_NOTES, SQL_NOTES=0 */;

--
-- Table structure for table `course`
--

DROP TABLE IF EXISTS `course`;
/*!40101 SET @saved_cs_client     = @@character_set_client */;
/*!40101 SET character_set_client = utf8 */;
CREATE TABLE `course` (
  `course_id` varchar(8) NOT NULL,
  `title` varchar(50) DEFAULT NULL,
  `dept_name` varchar(20) DEFAULT NULL,
  `credits` int(11) DEFAULT NULL,
  PRIMARY KEY (`course_id`),
  KEY `dept_name` (`dept_name`),
  CONSTRAINT `course_ibfk_1` FOREIGN KEY (`dept_name`) REFERENCES `department` (`dept_name`)
) ENGINE=InnoDB DEFAULT CHARSET=utf8mb4;
/*!40101 SET character_set_client = @saved_cs_client */;

--
-- Dumping data for table `course`
--

LOCK TABLES `course` WRITE;
/*!40000 ALTER TABLE `course` DISABLE KEYS */;
INSERT INTO `course` VALUES ('BIO-101','Intro. to Biology','Biology',4),('BIO-301','Genetics','Biology',4),('BIO-399','Computational Biology','Biology',3),('CS-101','Intro. to Computer Science','Comp. Sci.',4),('CS-190','Game Design','Comp. Sci.',4),('CS-315','Robotics','Comp. Sci.',3),('CS-319','Image Processing','Comp. Sci.',3),('CS-347','Database System Concepts','Comp. Sci.',3),('EE-181','Intro. to Digital Systems','Elec. Eng.',3),('FIN-201','Investment Banking','Finance',3),('HIS-351','World History','History',3),('MU-199','Music Video Production','Music',3),('PHY-101','Physical Principles','Physics',4);
/*!40000 ALTER TABLE `course` ENABLE KEYS */;
UNLOCK TABLES;

--
-- Table structure for table `department`
--

DROP TABLE IF EXISTS `department`;
/*!40101 SET @saved_cs_client     = @@character_set_client */;
/*!40101 SET character_set_client = utf8 */;
CREATE TABLE `department` (
  `dept_name` varchar(20) NOT NULL,
  `building` varchar(15) DEFAULT NULL,
  `budget` decimal(12,2) DEFAULT NULL,
  PRIMARY KEY (`dept_name`)
) ENGINE=InnoDB DEFAULT CHARSET=utf8mb4;
/*!40101 SET character_set_client = @saved_cs_client */;

--
-- Dumping data for table `department`
--

LOCK TABLES `department` WRITE;
/*!40000 ALTER TABLE `department` DISABLE KEYS */;
INSERT INTO `department` VALUES ('Biology','Watson',90000.00),('Comp. Sci.','Taylor',100000.00),('Elec. Eng.','Taylor',85000.00),('Finance','Painter',120000.00),('History','Painter',50000.00),('Music','Packard',80000.00),('Physics','Watson',70000.00);
/*!40000 ALTER TABLE `department` ENABLE KEYS */;
UNLOCK TABLES;

--
-- Table structure for table `instructor`
--

DROP TABLE IF EXISTS `instructor`;
/*!40101 SET @saved_cs_client     = @@character_set_client */;
/*!40101 SET character_set_client = utf8 */;
CREATE TABLE `instructor` (
  `ID` char(5) NOT NULL,
  `name` varchar(20) NOT NULL,
  `dept_name` varchar(20) NOT NULL,
  `salary` decimal(8,2) DEFAULT NULL,
  PRIMARY KEY (`ID`),
  KEY `dept_name` (`dept_name`),
  CONSTRAINT `instructor_ibfk_1` FOREIGN KEY (`dept_name`) REFERENCES `department` (`dept_name`)
) ENGINE=InnoDB DEFAULT CHARSET=utf8mb4;
/*!40101 SET character_set_client = @saved_cs_client */;

--
-- Dumping data for table `instructor`
--

LOCK TABLES `instructor` WRITE;
/*!40000 ALTER TABLE `instructor` DISABLE KEYS */;
INSERT INTO `instructor` VALUES ('10101','Srinivasan','Comp. Sci.',65000.00),('12121','Wu','Finance',90000.00),('15151','Mozart','Music',40000.00),('22222','Einstein','Physics',95000.00),('32343','El Said','History',60000.00),('33456','Gold','Physics',87000.00),('45565','Katz','Comp. Sci.',75000.00),('58583','Califieri','History',62000.00),('76543','Singh','Finance',80000.00),('76766','Crick','Biology',72000.00),('83821','Brandt','Comp. Sci.',92000.00),('98345','Kim','Elec. Eng.',80000.00);
/*!40000 ALTER TABLE `instructor` ENABLE KEYS */;
UNLOCK TABLES;

--
-- Table structure for table `section`
--

DROP TABLE IF EXISTS `section`;
/*!40101 SET @saved_cs_client     = @@character_set_client */;
/*!40101 SET character_set_client = utf8 */;
CREATE TABLE `section` (
  `course_id` varchar(8) NOT NULL,
  `sec_id` varchar(8) NOT NULL,
  `semester` varchar(6) NOT NULL,
  `year` int(11) NOT NULL,
  `building` varchar(15) NOT NULL,
  `room_number` varchar(7) NOT NULL,
  `time_slot_id` varchar(4) NOT NULL,
  PRIMARY KEY (`course_id`,`sec_id`,`semester`,`year`),
  CONSTRAINT `section_ibfk_1` FOREIGN KEY (`course_id`) REFERENCES `course` (`course_id`)
) ENGINE=InnoDB DEFAULT CHARSET=utf8mb4;
/*!40101 SET character_set_client = @saved_cs_client */;

--
-- Dumping data for table `section`
--

LOCK TABLES `section` WRITE;
/*!40000 ALTER TABLE `section` DISABLE KEYS */;
INSERT INTO `section` VALUES ('BIO-101','1','Summer',2009,'Painter','514','B'),('BIO-301','1','Summer',2010,'Painter','514','A'),('CS-101','1','Fall',2009,'Packard','101','H'),('CS-101','1','Spring',2010,'Packard','101','F'),('CS-190','1','Spring',2009,'Taylor','3128','E'),('CS-190','2','Spring',2009,'Taylor','3128','A'),('CS-315','1','Spring',2010,'Watson','120','D'),('CS-319','1','Spring',2010,'Watson','100','B'),('CS-319','2','Spring',2010,'Taylor','3128','C'),('CS-347','1','Fall',2009,'Taylor','3128','A'),('EE-181','1','Spring',2009,'Taylor','3128','C'),('FIN-201','1','Spring',2010,'Packard','101','B'),('HIS-351','1','Spring',2010,'Painter','514','C'),('MU-199','1','Spring',2010,'Packard','101','D'),('PHY-101','1','Fall',2009,'Watson','100','A');
/*!40000 ALTER TABLE `section` ENABLE KEYS */;
UNLOCK TABLES;

--
-- Table structure for table `student`
--

DROP TABLE IF EXISTS `student`;
/*!40101 SET @saved_cs_client     = @@character_set_client */;
/*!40101 SET character_set_client = utf8 */;
CREATE TABLE `student` (
  `ID` varchar(5) NOT NULL,
  `name` varchar(20) NOT NULL,
  `dept_name` varchar(20) DEFAULT NULL,
  `tot_cred` int(11) DEFAULT NULL,
  PRIMARY KEY (`ID`),
  KEY `dept_name` (`dept_name`),
  CONSTRAINT `student_ibfk_1` FOREIGN KEY (`dept_name`) REFERENCES `department` (`dept_name`)
) ENGINE=InnoDB DEFAULT CHARSET=utf8mb4;
/*!40101 SET character_set_client = @saved_cs_client */;

--
-- Dumping data for table `student`
--

LOCK TABLES `student` WRITE;
/*!40000 ALTER TABLE `student` DISABLE KEYS */;
INSERT INTO `student` VALUES ('00000','ShinHwan Kang','Comp. Sci.',100),('00001','HoeHoon Jung','Comp. Sci.',100),('00128','Zhang','Comp. Sci.',102),('12345','Shankar','Comp. Sci.',32),('19991','Brandt','History',80),('23121','Chavez','Finance',110),('44553','Peltier','Physics',56),('45678','Levy','Physics',46),('54321','Williams','Comp. Sci.',54),('55739','Sanchez','Music',38),('70557','Snow','Physics',0),('76543','Brown','Comp. Sci.',58),('76653','Aoi','Elec. Eng.',60),('98765','Bourikas','Elec. Eng.',98),('98988','Tanaka','Biology',120);
/*!40000 ALTER TABLE `student` ENABLE KEYS */;
UNLOCK TABLES;

--
-- Table structure for table `takes`
--

DROP TABLE IF EXISTS `takes`;
/*!40101 SET @saved_cs_client     = @@character_set_client */;
/*!40101 SET character_set_client = utf8 */;
CREATE TABLE `takes` (
  `ID` varchar(5) NOT NULL,
  `course_id` varchar(8) NOT NULL,
  `sec_id` varchar(8) NOT NULL,
  `semester` varchar(6) NOT NULL,
  `year` int(11) NOT NULL,
  `grade` varchar(2) DEFAULT NULL,
  PRIMARY KEY (`ID`,`course_id`,`sec_id`,`semester`,`year`),
  KEY `course_id` (`course_id`,`sec_id`,`semester`,`year`),
  CONSTRAINT `takes_ibfk_1` FOREIGN KEY (`ID`) REFERENCES `student` (`ID`),
  CONSTRAINT `takes_ibfk_2` FOREIGN KEY (`course_id`, `sec_id`, `semester`, `year`) REFERENCES `section` (`course_id`, `sec_id`, `semester`, `year`)
) ENGINE=InnoDB DEFAULT CHARSET=utf8mb4;
/*!40101 SET character_set_client = @saved_cs_client */;

--
-- Dumping data for table `takes`
--

LOCK TABLES `takes` WRITE;
/*!40000 ALTER TABLE `takes` DISABLE KEYS */;
INSERT INTO `takes` VALUES ('00000','CS-347','1','Fall',2009,'A+'),('00001','CS-347','1','Fall',2009,'A+'),('00128','CS-101','1','Fall',2009,'A'),('00128','CS-347','1','Fall',2009,'A-'),('12345','CS-101','1','Fall',2009,'C'),('12345','CS-190','2','Spring',2009,'A'),('12345','CS-315','1','Spring',2010,'A'),('12345','CS-347','1','Fall',2009,'A'),('19991','HIS-351','1','Spring',2010,'B'),('23121','FIN-201','1','Spring',2010,'C+'),('44553','PHY-101','1','Fall',2009,'B-'),('45678','CS-101','1','Fall',2009,'F'),('45678','CS-101','1','Spring',2010,'B+'),('45678','CS-319','1','Spring',2010,'B'),('54321','CS-101','1','Fall',2009,'A-'),('54321','CS-190','2','Spring',2009,'B+'),('55739','MU-199','1','Spring',2010,'A-'),('76543','CS-101','1','Fall',2009,'A'),('76543','CS-319','2','Spring',2010,'A'),('76653','EE-181','1','Spring',2009,'C'),('98765','CS-101','1','Fall',2009,'C-'),('98765','CS-315','1','Spring',2010,'B'),('98988','BIO-101','1','Summer',2009,'A'),('98988','BIO-301','1','Summer',2010,NULL);
/*!40000 ALTER TABLE `takes` ENABLE KEYS */;
UNLOCK TABLES;

--
-- Table structure for table `teaches`
--

DROP TABLE IF EXISTS `teaches`;
/*!40101 SET @saved_cs_client     = @@character_set_client */;
/*!40101 SET character_set_client = utf8 */;
CREATE TABLE `teaches` (
  `ID` varchar(5) NOT NULL,
  `course_id` varchar(8) NOT NULL,
  `sec_id` varchar(8) NOT NULL,
  `semester` varchar(6) NOT NULL,
  `year` int(11) NOT NULL,
  PRIMARY KEY (`ID`,`course_id`,`sec_id`,`semester`,`year`),
  KEY `course_id` (`course_id`,`sec_id`,`semester`,`year`),
  CONSTRAINT `teaches_ibfk_1` FOREIGN KEY (`course_id`, `sec_id`, `semester`, `year`) REFERENCES `section` (`course_id`, `sec_id`, `semester`, `year`),
  CONSTRAINT `teaches_ibfk_2` FOREIGN KEY (`ID`) REFERENCES `instructor` (`ID`)
) ENGINE=InnoDB DEFAULT CHARSET=utf8mb4;
/*!40101 SET character_set_client = @saved_cs_client */;

--
-- Dumping data for table `teaches`
--

LOCK TABLES `teaches` WRITE;
/*!40000 ALTER TABLE `teaches` DISABLE KEYS */;
INSERT INTO `teaches` VALUES ('10101','CS-101','1','Fall',2009),('10101','CS-315','1','Spring',2010),('10101','CS-347','1','Fall',2009),('12121','FIN-201','1','Spring',2010),('15151','MU-199','1','Spring',2010),('22222','PHY-101','1','Fall',2009),('32343','HIS-351','1','Spring',2010),('45565','CS-101','1','Spring',2010),('45565','CS-319','1','Spring',2010),('76766','BIO-101','1','Summer',2009),('76766','BIO-301','1','Summer',2010),('83821','CS-190','1','Spring',2009),('83821','CS-190','2','Spring',2009),('83821','CS-319','2','Spring',2010),('98345','EE-181','1','Spring',2009);
/*!40000 ALTER TABLE `teaches` ENABLE KEYS */;
UNLOCK TABLES;
/*!40103 SET TIME_ZONE=@OLD_TIME_ZONE */;

/*!40101 SET SQL_MODE=@OLD_SQL_MODE */;
/*!40014 SET FOREIGN_KEY_CHECKS=@OLD_FOREIGN_KEY_CHECKS */;
/*!40014 SET UNIQUE_CHECKS=@OLD_UNIQUE_CHECKS */;
/*!40101 SET CHARACTER_SET_CLIENT=@OLD_CHARACTER_SET_CLIENT */;
/*!40101 SET CHARACTER_SET_RESULTS=@OLD_CHARACTER_SET_RESULTS */;
/*!40101 SET COLLATION_CONNECTION=@OLD_COLLATION_CONNECTION */;
/*!40111 SET SQL_NOTES=@OLD_SQL_NOTES */;

-- Dump completed on 2023-05-19 14:58:28
